year,bob_per_usd
2000,6.18354166666666
2001,6.60691666666666
2002,7.17
2003,7.65916666666666
2004,7.93626666666666
2005,8.06606249999999
2006,8.01161666666666
2007,7.85124516125
2008,7.23832069891666
2009,7.02
2010,7.01666666666666
2011,6.93696249999999
2012,6.91
2013,6.91
2014,6.91
2015,6.91
2016,6.91
2017,6.91
2018,6.91
2019,6.91
2020,6.91
2021,6.91
2022,6.91
2023,6.91
